{"stats":{"minecraft:killed":{"born_in_chaos_v1:corpse_fish":1},"minecraft:custom":{"minecraft:time_since_rest":1193,"minecraft:sprint_one_cm":37327,"minecraft:damage_taken":655,"minecraft:walk_one_cm":62791,"minecraft:mob_kills":1,"minecraft:drop":1,"minecraft:damage_dealt":608,"minecraft:swim_one_cm":9950,"minecraft:interact_with_crafting_table":1,"minecraft:fly_one_cm":39431,"minecraft:open_barrel":1,"minecraft:crouch_one_cm":1406,"minecraft:play_time":17676,"minecraft:deaths":2,"minecraft:sneak_time":742,"minecraft:walk_under_water_one_cm":6201,"minecraft:jump":248,"minecraft:leave_game":2,"minecraft:time_since_death":1154,"minecraft:walk_on_water_one_cm":15480,"minecraft:sleep_in_bed":1,"minecraft:climb_one_cm":4084,"minecraft:interact_with_smoker":1,"minecraft:total_world_time":17676,"minecraft:fall_one_cm":3633},"minecraft:dropped":{"minecraft:rotten_flesh":1},"minecraft:picked_up":{"minecraft:wooden_axe":1,"minecraft:stick":26,"minecraft:crafting_table":2,"minecraft:black_candle":3,"minecraft:sand":5,"minecraft:oak_log":2,"horror_element_mod:villager_head":2,"minecraft:dark_oak_log":46,"minecraft:dark_oak_planks":89,"man:cassette_1safetyinstructions":1,"minecraft:smooth_sandstone":2,"minecraft:bone":1,"minecraft:rotten_flesh":8,"minecraft:soul_lantern":1,"minecraft:hay_block":40,"born_in_chaos_v1:rotten_fish":1,"minecraft:sugar_cane":18,"minecraft:iron_sword":1},"minecraft:used":{"minecraft:wooden_axe":23,"minecraft:iron_sword":12,"minecraft:rotten_flesh":2,"minecraft:sand":1,"born_in_chaos_v1:rotten_fish":1,"minecraft:crafting_table":1,"minecraft:black_candle":1},"minecraft:crafted":{"minecraft:crafting_table":1,"minecraft:wooden_axe":1,"minecraft:dark_oak_planks":96},"minecraft:killed_by":{"minecraft:creeper":1,"born_in_chaos_v1:corpse_fish":1},"minecraft:mined":{"minecraft:hay_block":20,"horror_element_mod:villager_head":1,"minecraft:sculk_vein":1,"minecraft:dark_oak_log":24,"minecraft:crafting_table":1,"minecraft:sculk_shrieker":1,"minecraft:dead_bush":14,"minecraft:sand":1,"minecraft:black_candle":1,"minecraft:sugar_cane":6}},"DataVersion":3120}