{"stats":{"minecraft:killed":{"minecraft:skeleton":1,"minecraft:drowned":1},"minecraft:mined":{"minecraft:hay_block":15,"graveyard:tg_coarse_dirt":1,"horror_element_mod:spiked_villager":1,"minecraft:barrel":1,"minecraft:sculk_vein":6,"minecraft:dark_oak_log":24,"horror_element_mod:hanging_villager":1,"graveyard:tg_rooted_dirt":1,"minecraft:grass":1,"minecraft:sand":6,"horror_element_mod:crucified_body":1,"minecraft:sugar_cane":4,"minecraft:sculk":3},"minecraft:custom":{"minecraft:time_since_rest":270,"minecraft:sprint_one_cm":40993,"minecraft:damage_taken":672,"minecraft:walk_one_cm":28762,"minecraft:mob_kills":2,"minecraft:damage_dealt":470,"minecraft:swim_one_cm":19338,"minecraft:interact_with_crafting_table":1,"minecraft:fly_one_cm":41126,"minecraft:open_barrel":1,"minecraft:crouch_one_cm":1166,"minecraft:play_time":17376,"minecraft:deaths":2,"minecraft:sneak_time":586,"minecraft:walk_under_water_one_cm":4294,"minecraft:jump":219,"minecraft:walk_on_water_one_cm":13924,"minecraft:time_since_death":232,"minecraft:sleep_in_bed":1,"minecraft:climb_one_cm":4525,"minecraft:total_world_time":17376,"minecraft:fall_one_cm":3962},"minecraft:picked_up":{"minecraft:wooden_axe":1,"minecraft:stick":2,"minecraft:coarse_dirt":2,"minecraft:sand":6,"minecraft:dark_oak_log":24,"minecraft:barrel":2,"minecraft:dark_oak_planks":3,"born_in_chaos_v1:marigolds":5,"minecraft:bone":5,"minecraft:rotten_flesh":26,"minecraft:polished_blackstone_pressure_plate":2,"minecraft:wheat_seeds":2,"minecraft:soul_lantern":5,"minecraft:iron_helmet":1,"minecraft:hay_block":30,"minecraft:rooted_dirt":2,"minecraft:sugar_cane":8},"minecraft:crafted":{"minecraft:stick":4,"minecraft:wooden_axe":1,"minecraft:dark_oak_planks":8},"minecraft:used":{"minecraft:wooden_axe":11,"minecraft:soul_lantern":1,"minecraft:sand":3},"minecraft:killed_by":{"spore:inf_villager":1,"midnightlurker:midnight_lurker_unprovoked":1}},"DataVersion":3120}